{"cameraMode":{"drawMode":0,"name":"Shaded","section":"Shading Mode"},"sceneLighting":true,"audioPlay":false,"sceneViewState":{"showFog":true,"showMaterialUpdate":false,"showSkybox":true,"showFlares":true,"showImageEffects":true,"showParticleSystems":true},"in2DMode":false,"pivot":{"x":-13.92003059387207,"y":3276.08544921875,"z":-80.5},"rotation":{"x":-0.004710287321358919,"y":0.9712267518043518,"z":-0.01923939399421215,"w":-0.23736603558063508},"size":12.455241203308106,"orthographic":false}