{"cameraMode":{"drawMode":0,"name":"Shaded","section":"Shading Mode"},"sceneLighting":false,"audioPlay":false,"sceneViewState":{"showFog":true,"showMaterialUpdate":false,"showSkybox":false,"showFlares":true,"showImageEffects":true,"showParticleSystems":true},"in2DMode":false,"pivot":{"x":-0.6240752935409546,"y":0.32689809799194338,"z":0.23897290229797364},"rotation":{"x":-0.003840797347947955,"y":0.9957703351974487,"z":-0.04933096095919609,"w":-0.07752709835767746},"size":1.7320506572723389,"orthographic":false}