{"cameraMode":{"drawMode":0,"name":"Shaded","section":"Shading Mode"},"sceneLighting":true,"audioPlay":false,"sceneViewState":{"showFog":true,"showMaterialUpdate":true,"showSkybox":true,"showFlares":true,"showImageEffects":true,"showParticleSystems":true},"in2DMode":false,"pivot":{"x":124.59928894042969,"y":90.62574768066406,"z":98.44080352783203},"rotation":{"x":-0.011821206659078598,"y":0.9670825004577637,"z":-0.2505356967449188,"w":-0.04494759440422058},"size":26.16352081298828,"orthographic":false}